{"cameraMode":{"drawMode":0,"name":"Shaded","section":"Shading Mode"},"sceneLighting":true,"audioPlay":false,"sceneViewState":{"showFog":true,"showMaterialUpdate":true,"showSkybox":true,"showFlares":true,"showImageEffects":true,"showParticleSystems":true},"in2DMode":false,"pivot":{"x":0.36000001430511477,"y":-1.0099999904632569,"z":3.2200000286102297},"rotation":{"x":0.6744112968444824,"y":-0.0166081041097641,"z":0.01517681498080492,"w":0.7380133271217346},"size":11.428206443786621,"orthographic":true}